"","scores_adabag","scores_svm","scores_rf"
"1",0.209412294528259,0.209412294528259,0.209412294528259
