"","scores_adabag","scores_svm","scores_rf"
"1",0.312368658060642,0.312368658060642,0.312368658060642
