"","scores_adabag","scores_svm","scores_rf"
"1",0.363636363636364,0.363636363636364,0.409090909090909
