"","scores_adabag","scores_svm","scores_rf"
"1",0.0666666666666667,0.0666666666666667,0.666666666666667
