"","scores_adabag","scores_svm","scores_rf"
"1",0.0226190476190476,0.748809523809524,0.748809523809524
