"","scores_adabag","scores_svm","scores_rf"
"1",0.445238095238095,0.445238095238095,0.445238095238095
