"","scores_adabag","scores_svm","scores_rf"
"1",0.371428571428571,0.371428571428571,0.371428571428571
