"","scores_adabag","scores_svm","scores_rf"
"1",0.512380952380952,0.512380952380952,0.512380952380952
