"","scores_adabag","scores_svm","scores_rf"
"1",0.0721579305650102,0.0721579305650102,0.0721579305650102
