"","scores_adabag","scores_svm","scores_rf"
"1",0.965940054495913,0.965940054495913,0
