"","scores_adabag","scores_svm","scores_rf"
"1",0.270655270655271,0.262108262108262,0.262108262108262
