"","scores_adabag","scores_svm","scores_rf"
"1",0.560836501901141,0.0874524714828897,0.0874524714828897
