"","scores_adabag","scores_svm","scores_rf"
"1",0.0164233576642336,0.0164233576642336,0.0164233576642336
