"","scores_adabag","scores_svm","scores_rf"
"1",0.00912408759124088,0.00912408759124088,0.00912408759124088
