"","scores_adabag","scores_svm","scores_rf"
"1",0.87202380952381,0.87202380952381,0.87202380952381
