"","scores_adabag","scores_svm","scores_rf"
"1",0.915113050376835,0.915113050376835,0.915113050376835
