"","scores_adabag","scores_svm","scores_rf"
"1",0.533333333333333,0.533333333333333,0.533333333333333
