"","scores_adabag","scores_svm","scores_rf"
"1",0.772727272727273,0.772727272727273,0.772727272727273
